{"cameraMode":{"drawMode":0,"name":"Shaded","section":"Shading Mode"},"sceneLighting":false,"audioPlay":false,"sceneViewState":{"m_AlwaysRefresh":false,"showFog":true,"showSkybox":false,"showFlares":true,"showImageEffects":true,"showParticleSystems":true,"showVisualEffectGraphs":true,"m_FxEnabled":true},"in2DMode":false,"pivot":{"x":-0.00002110004425048828,"y":1.6502723693847657,"z":-0.0011986494064331055},"rotation":{"x":-0.07467102259397507,"y":0.8814584016799927,"z":-0.14894841611385346,"w":-0.4418938159942627},"size":0.8660253882408142,"orthographic":false}