{"cameraMode":{"drawMode":0,"name":"Shaded","section":"Shading Mode"},"sceneLighting":false,"audioPlay":false,"sceneViewState":{"m_AlwaysRefresh":false,"showFog":true,"showSkybox":false,"showFlares":true,"showImageEffects":true,"showParticleSystems":true,"showVisualEffectGraphs":true,"m_FxEnabled":true},"in2DMode":false,"pivot":{"x":-0.49000000953674319,"y":1.7000000476837159,"z":231.6656036376953},"rotation":{"x":0.5305361747741699,"y":0.27162158489227297,"z":-0.18439540266990663,"w":0.7815088629722595},"size":3.082206964492798,"orthographic":false}