{"cameraMode":{"drawMode":0,"name":"Shaded","section":"Shading Mode"},"sceneLighting":false,"audioPlay":false,"sceneViewState":{"m_AlwaysRefresh":false,"showFog":true,"showSkybox":false,"showFlares":true,"showImageEffects":true,"showParticleSystems":true,"showVisualEffectGraphs":true,"m_FxEnabled":true},"in2DMode":false,"pivot":{"x":-0.4066474735736847,"y":-1.7530186176300049,"z":29.242015838623048},"rotation":{"x":-0.03410865738987923,"y":-0.9509508013725281,"z":0.11351688951253891,"w":-0.2857378125190735},"size":2.8041164875030519,"orthographic":false}